,_time,_value
0,2022-02-26T00:01:00Z,116
1,2022-02-26T00:06:00Z,84
2,2022-02-26T00:07:00Z,84
3,2022-02-26T00:08:00Z,84
4,2022-02-26T00:09:00Z,84
5,2022-02-26T00:10:00Z,84
6,2022-02-26T00:11:00Z,917
7,2022-02-26T00:12:00Z,158
8,2022-02-26T00:13:00Z,158
9,2022-02-26T00:14:00Z,156
10,2022-02-26T00:15:00Z,156
11,2022-02-26T00:16:00Z,156
12,2022-02-26T00:17:00Z,155
13,2022-02-26T00:18:00Z,154
14,2022-02-26T00:19:00Z,154
15,2022-02-26T00:20:00Z,154
16,2022-02-26T00:21:00Z,154
17,2022-02-26T00:22:00Z,153
18,2022-02-26T00:23:00Z,153
19,2022-02-26T00:24:00Z,152
20,2022-02-26T00:25:00Z,152
21,2022-02-26T00:26:00Z,152
22,2022-02-26T00:27:00Z,151
23,2022-02-26T00:28:00Z,151
24,2022-02-26T00:29:00Z,151
25,2022-02-26T00:30:00Z,150
26,2022-02-26T00:31:00Z,150
27,2022-02-26T00:32:00Z,150
28,2022-02-26T00:33:00Z,150
29,2022-02-26T00:34:00Z,150
30,2022-02-26T00:35:00Z,150
31,2022-02-26T00:36:00Z,85
32,2022-02-26T00:37:00Z,84
33,2022-02-26T00:38:00Z,84
34,2022-02-26T00:39:00Z,121
35,2022-02-26T00:40:00Z,84
36,2022-02-26T00:41:00Z,84
37,2022-02-26T00:42:00Z,84
38,2022-02-26T00:43:00Z,84
39,2022-02-26T00:44:00Z,84
40,2022-02-26T00:45:00Z,84
41,2022-02-26T00:46:00Z,85
42,2022-02-26T00:47:00Z,84
43,2022-02-26T00:48:00Z,84
44,2022-02-26T00:49:00Z,84
45,2022-02-26T00:50:00Z,84
46,2022-02-26T00:51:00Z,84
47,2022-02-26T00:52:00Z,84
48,2022-02-26T00:53:00Z,84
49,2022-02-26T00:54:00Z,84
50,2022-02-26T00:55:00Z,84
51,2022-02-26T00:56:00Z,84
52,2022-02-26T00:57:00Z,84
53,2022-02-26T00:58:00Z,84
54,2022-02-26T00:59:00Z,84
55,2022-02-26T01:00:00Z,84
56,2022-02-26T01:01:00Z,84
57,2022-02-26T01:02:00Z,84
58,2022-02-26T01:03:00Z,84
59,2022-02-26T01:04:00Z,84
60,2022-02-26T01:05:00Z,84
61,2022-02-26T01:06:00Z,84
62,2022-02-26T01:07:00Z,84
63,2022-02-26T01:08:00Z,84
64,2022-02-26T01:09:00Z,84
65,2022-02-26T01:10:00Z,84
66,2022-02-26T01:11:00Z,84
67,2022-02-26T01:12:00Z,84
68,2022-02-26T01:13:00Z,84
69,2022-02-26T01:14:00Z,84
70,2022-02-26T01:15:00Z,84
71,2022-02-26T01:16:00Z,84
72,2022-02-26T01:17:00Z,84
73,2022-02-26T01:18:00Z,84
74,2022-02-26T01:19:00Z,84
75,2022-02-26T01:20:00Z,84
76,2022-02-26T01:21:00Z,84
77,2022-02-26T01:22:00Z,84
78,2022-02-26T01:23:00Z,84
79,2022-02-26T01:24:00Z,1148
80,2022-02-26T01:25:00Z,167
81,2022-02-26T01:26:00Z,151
82,2022-02-26T01:27:00Z,149
83,2022-02-26T01:28:00Z,148
84,2022-02-26T01:29:00Z,149
85,2022-02-26T01:30:00Z,151
86,2022-02-26T01:31:00Z,151
87,2022-02-26T01:32:00Z,150
88,2022-02-26T01:33:00Z,150
89,2022-02-26T01:34:00Z,150
90,2022-02-26T01:35:00Z,150
91,2022-02-26T01:36:00Z,149
92,2022-02-26T01:37:00Z,149
93,2022-02-26T01:38:00Z,149
94,2022-02-26T01:39:00Z,185
95,2022-02-26T01:40:00Z,148
96,2022-02-26T01:41:00Z,148
97,2022-02-26T01:42:00Z,147
98,2022-02-26T01:43:00Z,146
99,2022-02-26T01:44:00Z,146
100,2022-02-26T01:45:00Z,146
101,2022-02-26T01:46:00Z,146
102,2022-02-26T01:47:00Z,951
103,2022-02-26T01:48:00Z,220
104,2022-02-26T01:49:00Z,220
105,2022-02-26T01:50:00Z,219
106,2022-02-26T01:51:00Z,217
107,2022-02-26T01:52:00Z,217
108,2022-02-26T01:53:00Z,216
109,2022-02-26T01:54:00Z,215
110,2022-02-26T01:55:00Z,214
111,2022-02-26T01:56:00Z,213
112,2022-02-26T01:57:00Z,213
113,2022-02-26T01:58:00Z,212
114,2022-02-26T01:59:00Z,211
115,2022-02-26T02:00:00Z,210
116,2022-02-26T02:01:00Z,209
117,2022-02-26T02:02:00Z,209
118,2022-02-26T02:03:00Z,208
119,2022-02-26T02:04:00Z,208
120,2022-02-26T02:05:00Z,207
121,2022-02-26T02:06:00Z,207
122,2022-02-26T02:07:00Z,206
123,2022-02-26T02:08:00Z,206
124,2022-02-26T02:09:00Z,206
125,2022-02-26T02:10:00Z,205
126,2022-02-26T02:11:00Z,205
127,2022-02-26T02:12:00Z,821
128,2022-02-26T02:13:00Z,172
129,2022-02-26T02:14:00Z,173
130,2022-02-26T02:15:00Z,175
131,2022-02-26T02:16:00Z,176
132,2022-02-26T02:17:00Z,176
133,2022-02-26T02:18:00Z,176
134,2022-02-26T02:19:00Z,176
135,2022-02-26T02:20:00Z,176
136,2022-02-26T02:21:00Z,176
137,2022-02-26T02:22:00Z,168
138,2022-02-26T02:23:00Z,119
139,2022-02-26T02:24:00Z,118
140,2022-02-26T02:25:00Z,118
141,2022-02-26T02:26:00Z,117
142,2022-02-26T02:27:00Z,117
143,2022-02-26T02:28:00Z,117
144,2022-02-26T02:29:00Z,117
145,2022-02-26T02:30:00Z,117
146,2022-02-26T02:31:00Z,117
147,2022-02-26T02:32:00Z,116
148,2022-02-26T02:33:00Z,116
149,2022-02-26T02:34:00Z,116
150,2022-02-26T02:35:00Z,116
151,2022-02-26T02:36:00Z,116
152,2022-02-26T02:37:00Z,116
153,2022-02-26T02:38:00Z,116
154,2022-02-26T02:39:00Z,153
155,2022-02-26T02:40:00Z,116
156,2022-02-26T02:41:00Z,116
157,2022-02-26T02:42:00Z,115
158,2022-02-26T02:43:00Z,115
159,2022-02-26T02:44:00Z,115
160,2022-02-26T02:45:00Z,116
161,2022-02-26T02:46:00Z,115
162,2022-02-26T02:47:00Z,115
163,2022-02-26T02:48:00Z,115
164,2022-02-26T02:49:00Z,115
165,2022-02-26T02:50:00Z,115
166,2022-02-26T02:51:00Z,115
167,2022-02-26T02:52:00Z,114
168,2022-02-26T02:53:00Z,115
169,2022-02-26T02:54:00Z,115
170,2022-02-26T02:55:00Z,115
171,2022-02-26T02:56:00Z,115
172,2022-02-26T02:57:00Z,114
173,2022-02-26T02:58:00Z,114
174,2022-02-26T02:59:00Z,115
175,2022-02-26T03:00:00Z,114
176,2022-02-26T03:01:00Z,115
177,2022-02-26T03:02:00Z,82
178,2022-02-26T03:03:00Z,82
179,2022-02-26T03:04:00Z,82
180,2022-02-26T03:05:00Z,82
181,2022-02-26T03:06:00Z,82
182,2022-02-26T03:07:00Z,82
183,2022-02-26T03:08:00Z,82
184,2022-02-26T03:09:00Z,82
185,2022-02-26T03:10:00Z,82
186,2022-02-26T03:11:00Z,82
187,2022-02-26T03:12:00Z,82
188,2022-02-26T03:13:00Z,82
189,2022-02-26T03:14:00Z,82
190,2022-02-26T03:15:00Z,82
191,2022-02-26T03:16:00Z,83
192,2022-02-26T03:17:00Z,82
193,2022-02-26T03:18:00Z,82
194,2022-02-26T03:19:00Z,82
195,2022-02-26T03:20:00Z,82
196,2022-02-26T03:21:00Z,82
197,2022-02-26T03:22:00Z,82
198,2022-02-26T03:23:00Z,82
199,2022-02-26T03:24:00Z,889
200,2022-02-26T03:25:00Z,157
201,2022-02-26T03:26:00Z,156
202,2022-02-26T03:27:00Z,155
203,2022-02-26T03:28:00Z,155
204,2022-02-26T03:29:00Z,154
205,2022-02-26T03:30:00Z,153
206,2022-02-26T03:31:00Z,153
207,2022-02-26T03:32:00Z,152
208,2022-02-26T03:33:00Z,152
209,2022-02-26T03:34:00Z,153
210,2022-02-26T03:35:00Z,153
211,2022-02-26T03:36:00Z,151
212,2022-02-26T03:37:00Z,151
213,2022-02-26T03:38:00Z,150
214,2022-02-26T03:39:00Z,187
215,2022-02-26T03:40:00Z,149
216,2022-02-26T03:41:00Z,149
217,2022-02-26T03:42:00Z,148
218,2022-02-26T03:43:00Z,149
219,2022-02-26T03:44:00Z,148
220,2022-02-26T03:45:00Z,148
221,2022-02-26T03:46:00Z,147
222,2022-02-26T03:47:00Z,147
223,2022-02-26T03:48:00Z,146
224,2022-02-26T03:49:00Z,81
225,2022-02-26T03:50:00Z,84
226,2022-02-26T03:51:00Z,83
227,2022-02-26T03:52:00Z,83
228,2022-02-26T03:53:00Z,82
229,2022-02-26T03:54:00Z,82
230,2022-02-26T03:55:00Z,82
231,2022-02-26T03:56:00Z,83
232,2022-02-26T03:57:00Z,82
233,2022-02-26T03:58:00Z,82
234,2022-02-26T03:59:00Z,83
235,2022-02-26T04:00:00Z,82
236,2022-02-26T04:01:00Z,82
237,2022-02-26T04:02:00Z,85
238,2022-02-26T04:03:00Z,82
239,2022-02-26T04:04:00Z,82
240,2022-02-26T04:05:00Z,82
241,2022-02-26T04:06:00Z,82
242,2022-02-26T04:07:00Z,82
243,2022-02-26T04:08:00Z,82
244,2022-02-26T04:09:00Z,82
245,2022-02-26T04:10:00Z,82
246,2022-02-26T04:11:00Z,82
247,2022-02-26T04:12:00Z,82
248,2022-02-26T04:13:00Z,81
249,2022-02-26T04:14:00Z,81
250,2022-02-26T04:15:00Z,81
251,2022-02-26T04:16:00Z,81
252,2022-02-26T04:17:00Z,81
253,2022-02-26T04:18:00Z,81
254,2022-02-26T04:19:00Z,81
255,2022-02-26T04:20:00Z,81
256,2022-02-26T04:21:00Z,82
257,2022-02-26T04:22:00Z,81
258,2022-02-26T04:23:00Z,82
259,2022-02-26T04:24:00Z,81
260,2022-02-26T04:25:00Z,81
261,2022-02-26T04:26:00Z,81
262,2022-02-26T04:27:00Z,84
263,2022-02-26T04:28:00Z,82
264,2022-02-26T04:29:00Z,83
265,2022-02-26T04:30:00Z,82
266,2022-02-26T04:31:00Z,83
267,2022-02-26T04:32:00Z,82
268,2022-02-26T04:33:00Z,83
269,2022-02-26T04:34:00Z,82
270,2022-02-26T04:35:00Z,82
271,2022-02-26T04:36:00Z,82
272,2022-02-26T04:37:00Z,82
273,2022-02-26T04:38:00Z,82
274,2022-02-26T04:39:00Z,82
275,2022-02-26T04:40:00Z,119
276,2022-02-26T04:41:00Z,82
277,2022-02-26T04:42:00Z,83
278,2022-02-26T04:43:00Z,82
279,2022-02-26T04:44:00Z,82
280,2022-02-26T04:45:00Z,82
281,2022-02-26T04:46:00Z,82
282,2022-02-26T04:47:00Z,82
283,2022-02-26T04:48:00Z,81
284,2022-02-26T04:49:00Z,81
285,2022-02-26T04:50:00Z,81
286,2022-02-26T04:51:00Z,81
287,2022-02-26T04:52:00Z,84
288,2022-02-26T04:53:00Z,82
289,2022-02-26T04:54:00Z,82
290,2022-02-26T04:55:00Z,82
291,2022-02-26T04:56:00Z,82
292,2022-02-26T04:57:00Z,82
293,2022-02-26T04:58:00Z,82
294,2022-02-26T04:59:00Z,82
295,2022-02-26T05:00:00Z,82
296,2022-02-26T05:01:00Z,82
297,2022-02-26T05:02:00Z,908
298,2022-02-26T05:03:00Z,154
299,2022-02-26T05:04:00Z,211
300,2022-02-26T05:05:00Z,211
301,2022-02-26T05:06:00Z,210
302,2022-02-26T05:07:00Z,209
303,2022-02-26T05:08:00Z,151
304,2022-02-26T05:09:00Z,150
305,2022-02-26T05:10:00Z,150
306,2022-02-26T05:11:00Z,150
307,2022-02-26T05:12:00Z,150
308,2022-02-26T05:13:00Z,149
309,2022-02-26T05:14:00Z,149
310,2022-02-26T05:15:00Z,148
311,2022-02-26T05:16:00Z,148
312,2022-02-26T05:17:00Z,151
313,2022-02-26T05:18:00Z,149
314,2022-02-26T05:19:00Z,722
315,2022-02-26T05:20:00Z,177
316,2022-02-26T05:21:00Z,178
317,2022-02-26T05:22:00Z,180
318,2022-02-26T05:23:00Z,181
319,2022-02-26T05:24:00Z,181
320,2022-02-26T05:25:00Z,181
321,2022-02-26T05:26:00Z,181
322,2022-02-26T05:27:00Z,116
323,2022-02-26T05:28:00Z,115
324,2022-02-26T05:29:00Z,115
325,2022-02-26T05:30:00Z,116
326,2022-02-26T05:31:00Z,115
327,2022-02-26T05:32:00Z,115
328,2022-02-26T05:33:00Z,115
329,2022-02-26T05:34:00Z,115
330,2022-02-26T05:35:00Z,114
331,2022-02-26T05:36:00Z,114
332,2022-02-26T05:37:00Z,116
333,2022-02-26T05:38:00Z,115
334,2022-02-26T05:39:00Z,115
335,2022-02-26T05:40:00Z,151
336,2022-02-26T05:41:00Z,114
337,2022-02-26T05:42:00Z,114
338,2022-02-26T05:43:00Z,114
339,2022-02-26T05:44:00Z,114
340,2022-02-26T05:45:00Z,114
341,2022-02-26T05:46:00Z,114
342,2022-02-26T05:47:00Z,114
343,2022-02-26T05:48:00Z,114
344,2022-02-26T05:49:00Z,113
345,2022-02-26T05:50:00Z,114
346,2022-02-26T05:51:00Z,113
347,2022-02-26T05:52:00Z,113
348,2022-02-26T05:53:00Z,112
349,2022-02-26T05:54:00Z,112
350,2022-02-26T05:55:00Z,112
351,2022-02-26T05:56:00Z,112
352,2022-02-26T05:57:00Z,112
353,2022-02-26T05:58:00Z,112
354,2022-02-26T05:59:00Z,111
355,2022-02-26T06:00:00Z,112
356,2022-02-26T06:01:00Z,111
357,2022-02-26T06:02:00Z,111
358,2022-02-26T06:03:00Z,111
359,2022-02-26T06:04:00Z,1188
360,2022-02-26T06:05:00Z,188
361,2022-02-26T06:06:00Z,178
362,2022-02-26T06:07:00Z,179
363,2022-02-26T06:08:00Z,177
364,2022-02-26T06:09:00Z,146
365,2022-02-26T06:10:00Z,148
366,2022-02-26T06:11:00Z,148
367,2022-02-26T06:12:00Z,147
368,2022-02-26T06:13:00Z,149
369,2022-02-26T06:14:00Z,149
370,2022-02-26T06:15:00Z,149
371,2022-02-26T06:16:00Z,149
372,2022-02-26T06:17:00Z,148
373,2022-02-26T06:18:00Z,147
374,2022-02-26T06:19:00Z,147
375,2022-02-26T06:20:00Z,146
376,2022-02-26T06:21:00Z,146
377,2022-02-26T06:22:00Z,145
378,2022-02-26T06:23:00Z,145
379,2022-02-26T06:24:00Z,145
380,2022-02-26T06:25:00Z,144
381,2022-02-26T06:26:00Z,144
382,2022-02-26T06:27:00Z,144
383,2022-02-26T06:28:00Z,144
384,2022-02-26T06:29:00Z,143
385,2022-02-26T06:30:00Z,218
386,2022-02-26T06:31:00Z,190
387,2022-02-26T06:32:00Z,189
388,2022-02-26T06:33:00Z,189
389,2022-02-26T06:34:00Z,189
390,2022-02-26T06:35:00Z,188
391,2022-02-26T06:36:00Z,187
392,2022-02-26T06:37:00Z,187
393,2022-02-26T06:38:00Z,186
394,2022-02-26T06:39:00Z,187
395,2022-02-26T06:40:00Z,1042
396,2022-02-26T06:41:00Z,260
397,2022-02-26T06:42:00Z,260
398,2022-02-26T06:43:00Z,258
399,2022-02-26T06:44:00Z,257
400,2022-02-26T06:45:00Z,256
401,2022-02-26T06:46:00Z,256
402,2022-02-26T06:47:00Z,255
403,2022-02-26T06:48:00Z,252
404,2022-02-26T06:49:00Z,253
405,2022-02-26T06:50:00Z,252
406,2022-02-26T06:51:00Z,251
407,2022-02-26T06:52:00Z,251
408,2022-02-26T06:53:00Z,251
409,2022-02-26T06:54:00Z,267
410,2022-02-26T06:55:00Z,268
411,2022-02-26T06:56:00Z,2538
412,2022-02-26T06:57:00Z,2502
413,2022-02-26T06:58:00Z,2507
414,2022-02-26T06:59:00Z,268
415,2022-02-26T07:00:00Z,267
416,2022-02-26T07:01:00Z,210
417,2022-02-26T07:02:00Z,210
418,2022-02-26T07:03:00Z,209
419,2022-02-26T07:04:00Z,209
420,2022-02-26T07:05:00Z,125
421,2022-02-26T07:06:00Z,125
422,2022-02-26T07:07:00Z,125
423,2022-02-26T07:08:00Z,124
424,2022-02-26T07:09:00Z,123
425,2022-02-26T07:10:00Z,124
426,2022-02-26T07:11:00Z,124
427,2022-02-26T07:12:00Z,124
428,2022-02-26T07:13:00Z,124
429,2022-02-26T07:14:00Z,176
430,2022-02-26T07:15:00Z,795
431,2022-02-26T07:16:00Z,795
432,2022-02-26T07:17:00Z,222
433,2022-02-26T07:18:00Z,2372
434,2022-02-26T07:19:00Z,2353
435,2022-02-26T07:20:00Z,2339
436,2022-02-26T07:21:00Z,131
437,2022-02-26T07:22:00Z,132
438,2022-02-26T07:23:00Z,132
439,2022-02-26T07:24:00Z,131
440,2022-02-26T07:25:00Z,132
441,2022-02-26T07:26:00Z,131
442,2022-02-26T07:27:00Z,133
443,2022-02-26T07:28:00Z,124
444,2022-02-26T07:29:00Z,116
445,2022-02-26T07:30:00Z,116
446,2022-02-26T07:31:00Z,116
447,2022-02-26T07:32:00Z,116
448,2022-02-26T07:33:00Z,80
449,2022-02-26T07:34:00Z,80
450,2022-02-26T07:35:00Z,81
451,2022-02-26T07:36:00Z,81
452,2022-02-26T07:37:00Z,84
453,2022-02-26T07:38:00Z,158
454,2022-02-26T07:39:00Z,127
455,2022-02-26T07:40:00Z,163
456,2022-02-26T07:41:00Z,128
457,2022-02-26T07:42:00Z,129
458,2022-02-26T07:43:00Z,127
459,2022-02-26T07:44:00Z,128
460,2022-02-26T07:45:00Z,128
461,2022-02-26T07:46:00Z,128
462,2022-02-26T07:47:00Z,129
463,2022-02-26T07:48:00Z,127
464,2022-02-26T07:49:00Z,127
465,2022-02-26T07:50:00Z,128
466,2022-02-26T07:51:00Z,130
467,2022-02-26T07:52:00Z,128
468,2022-02-26T07:53:00Z,129
469,2022-02-26T07:54:00Z,128
470,2022-02-26T07:55:00Z,128
471,2022-02-26T07:56:00Z,159
472,2022-02-26T07:57:00Z,159
473,2022-02-26T07:58:00Z,159
474,2022-02-26T07:59:00Z,160
475,2022-02-26T08:00:00Z,159
476,2022-02-26T08:01:00Z,160
477,2022-02-26T08:02:00Z,159
478,2022-02-26T08:03:00Z,212
479,2022-02-26T08:04:00Z,1042
480,2022-02-26T08:05:00Z,850
481,2022-02-26T08:06:00Z,160
482,2022-02-26T08:07:00Z,159
483,2022-02-26T08:08:00Z,153
484,2022-02-26T08:09:00Z,154
485,2022-02-26T08:10:00Z,154
486,2022-02-26T08:11:00Z,119
487,2022-02-26T08:12:00Z,190
488,2022-02-26T08:13:00Z,188
489,2022-02-26T08:14:00Z,189
490,2022-02-26T08:15:00Z,196
491,2022-02-26T08:16:00Z,191
492,2022-02-26T08:17:00Z,751
493,2022-02-26T08:18:00Z,254
494,2022-02-26T08:19:00Z,258
495,2022-02-26T08:20:00Z,257
496,2022-02-26T08:21:00Z,257
497,2022-02-26T08:22:00Z,306
498,2022-02-26T08:23:00Z,1037
499,2022-02-26T08:24:00Z,934
500,2022-02-26T08:25:00Z,336
501,2022-02-26T08:26:00Z,935
502,2022-02-26T08:27:00Z,411
503,2022-02-26T08:28:00Z,362
504,2022-02-26T08:29:00Z,379
505,2022-02-26T08:30:00Z,379
506,2022-02-26T08:31:00Z,359
507,2022-02-26T08:32:00Z,404
508,2022-02-26T08:33:00Z,378
509,2022-02-26T08:34:00Z,358
510,2022-02-26T08:35:00Z,334
511,2022-02-26T08:36:00Z,328
512,2022-02-26T08:37:00Z,324
513,2022-02-26T08:38:00Z,325
514,2022-02-26T08:39:00Z,324
515,2022-02-26T08:40:00Z,325
516,2022-02-26T08:41:00Z,361
517,2022-02-26T08:42:00Z,323
518,2022-02-26T08:43:00Z,259
519,2022-02-26T08:44:00Z,258
520,2022-02-26T08:45:00Z,3156
521,2022-02-26T08:46:00Z,3207
522,2022-02-26T08:47:00Z,2564
523,2022-02-26T08:48:00Z,2569
524,2022-02-26T08:49:00Z,2575
525,2022-02-26T08:50:00Z,2578
526,2022-02-26T08:51:00Z,392
527,2022-02-26T08:52:00Z,349
528,2022-02-26T08:53:00Z,361
529,2022-02-26T08:54:00Z,361
530,2022-02-26T08:55:00Z,489
531,2022-02-26T08:56:00Z,310
532,2022-02-26T08:57:00Z,362
533,2022-02-26T08:58:00Z,364
534,2022-02-26T08:59:00Z,364
535,2022-02-26T09:00:00Z,1090
536,2022-02-26T09:01:00Z,1000
537,2022-02-26T09:02:00Z,949
538,2022-02-26T09:03:00Z,928
539,2022-02-26T09:04:00Z,329
540,2022-02-26T09:05:00Z,962
541,2022-02-26T09:06:00Z,471
542,2022-02-26T09:07:00Z,945
543,2022-02-26T09:08:00Z,998
544,2022-02-26T09:09:00Z,2644
545,2022-02-26T09:10:00Z,3295
546,2022-02-26T09:11:00Z,2628
547,2022-02-26T09:12:00Z,1110
548,2022-02-26T09:13:00Z,1001
549,2022-02-26T09:14:00Z,426
550,2022-02-26T09:15:00Z,427
551,2022-02-26T09:16:00Z,992
552,2022-02-26T09:17:00Z,1038
553,2022-02-26T09:18:00Z,408
554,2022-02-26T09:19:00Z,413
555,2022-02-26T09:20:00Z,465
556,2022-02-26T09:21:00Z,2718
557,2022-02-26T09:22:00Z,2690
558,2022-02-26T09:23:00Z,370
559,2022-02-26T09:24:00Z,378
560,2022-02-26T09:25:00Z,371
561,2022-02-26T09:26:00Z,368
562,2022-02-26T09:27:00Z,384
563,2022-02-26T09:28:00Z,365
564,2022-02-26T09:29:00Z,371
565,2022-02-26T09:30:00Z,378
566,2022-02-26T09:31:00Z,972
567,2022-02-26T09:32:00Z,296
568,2022-02-26T09:33:00Z,319
569,2022-02-26T09:34:00Z,299
570,2022-02-26T09:35:00Z,2570
571,2022-02-26T09:36:00Z,2586
572,2022-02-26T09:37:00Z,2611
573,2022-02-26T09:38:00Z,2600
574,2022-02-26T09:39:00Z,2573
575,2022-02-26T09:40:00Z,304
576,2022-02-26T09:41:00Z,337
577,2022-02-26T09:42:00Z,340
578,2022-02-26T09:43:00Z,344
579,2022-02-26T09:44:00Z,954
580,2022-02-26T09:45:00Z,342
581,2022-02-26T09:46:00Z,326
582,2022-02-26T09:47:00Z,334
583,2022-02-26T09:48:00Z,388
584,2022-02-26T09:49:00Z,988
585,2022-02-26T09:50:00Z,472
586,2022-02-26T09:51:00Z,438
587,2022-02-26T09:52:00Z,1058
588,2022-02-26T09:53:00Z,409
589,2022-02-26T09:54:00Z,408
590,2022-02-26T09:55:00Z,398
591,2022-02-26T09:56:00Z,399
592,2022-02-26T09:57:00Z,393
593,2022-02-26T09:58:00Z,392
594,2022-02-26T09:59:00Z,381
595,2022-02-26T10:00:00Z,400
596,2022-02-26T10:01:00Z,384
597,2022-02-26T10:02:00Z,411
598,2022-02-26T10:03:00Z,415
599,2022-02-26T10:04:00Z,425
600,2022-02-26T10:05:00Z,809
601,2022-02-26T10:06:00Z,557
602,2022-02-26T10:07:00Z,925
603,2022-02-26T10:08:00Z,1583
604,2022-02-26T10:09:00Z,2329
605,2022-02-26T10:10:00Z,2478
606,2022-02-26T10:11:00Z,1451
607,2022-02-26T10:12:00Z,788
608,2022-02-26T10:13:00Z,493
609,2022-02-26T10:14:00Z,628
610,2022-02-26T10:15:00Z,725
611,2022-02-26T10:16:00Z,770
612,2022-02-26T10:17:00Z,3172
613,2022-02-26T10:18:00Z,3405
614,2022-02-26T10:19:00Z,3644
615,2022-02-26T10:20:00Z,3423
616,2022-02-26T10:21:00Z,2822
617,2022-02-26T10:22:00Z,2777
618,2022-02-26T10:23:00Z,2811
619,2022-02-26T10:24:00Z,2841
620,2022-02-26T10:25:00Z,2799
621,2022-02-26T10:26:00Z,2724
622,2022-02-26T10:27:00Z,3675
623,2022-02-26T10:28:00Z,2860
624,2022-02-26T10:29:00Z,3374
625,2022-02-26T10:30:00Z,3122
626,2022-02-26T10:31:00Z,3186
627,2022-02-26T10:32:00Z,3169
628,2022-02-26T10:33:00Z,3320
629,2022-02-26T10:34:00Z,3241
630,2022-02-26T10:35:00Z,2713
631,2022-02-26T10:36:00Z,2681
632,2022-02-26T10:37:00Z,2716
633,2022-02-26T10:38:00Z,4331
634,2022-02-26T10:39:00Z,4375
635,2022-02-26T10:40:00Z,4311
636,2022-02-26T10:41:00Z,4319
637,2022-02-26T10:42:00Z,3204
638,2022-02-26T10:43:00Z,4325
639,2022-02-26T10:44:00Z,2679
640,2022-02-26T10:45:00Z,2643
641,2022-02-26T10:46:00Z,2713
642,2022-02-26T10:47:00Z,2654
643,2022-02-26T10:48:00Z,2658
644,2022-02-26T10:49:00Z,2651
645,2022-02-26T10:50:00Z,2690
646,2022-02-26T10:51:00Z,2689
647,2022-02-26T10:52:00Z,3938
648,2022-02-26T10:53:00Z,2724
649,2022-02-26T10:54:00Z,2882
650,2022-02-26T10:55:00Z,2853
651,2022-02-26T10:56:00Z,2658
652,2022-02-26T10:57:00Z,2674
653,2022-02-26T10:58:00Z,2592
654,2022-02-26T10:59:00Z,3200
655,2022-02-26T11:00:00Z,4567
656,2022-02-26T11:01:00Z,3030
657,2022-02-26T11:02:00Z,2847
658,2022-02-26T11:03:00Z,2616
659,2022-02-26T11:04:00Z,2861
660,2022-02-26T11:05:00Z,2656
661,2022-02-26T11:06:00Z,2711
662,2022-02-26T11:07:00Z,4524
663,2022-02-26T11:08:00Z,4618
664,2022-02-26T11:09:00Z,4469
665,2022-02-26T11:10:00Z,2631
666,2022-02-26T11:11:00Z,4177
667,2022-02-26T11:12:00Z,3960
668,2022-02-26T11:13:00Z,3976
669,2022-02-26T11:14:00Z,3972
670,2022-02-26T11:15:00Z,3943
671,2022-02-26T11:16:00Z,3899
672,2022-02-26T11:17:00Z,3954
673,2022-02-26T11:18:00Z,3875
674,2022-02-26T11:19:00Z,3683
675,2022-02-26T11:20:00Z,3692
676,2022-02-26T11:21:00Z,4356
677,2022-02-26T11:22:00Z,4314
678,2022-02-26T11:23:00Z,4233
679,2022-02-26T11:24:00Z,3654
680,2022-02-26T11:25:00Z,2667
681,2022-02-26T11:26:00Z,2929
682,2022-02-26T11:27:00Z,2972
683,2022-02-26T11:28:00Z,3310
684,2022-02-26T11:29:00Z,3304
685,2022-02-26T11:30:00Z,2662
686,2022-02-26T11:31:00Z,449
687,2022-02-26T11:32:00Z,427
688,2022-02-26T11:33:00Z,383
689,2022-02-26T11:34:00Z,411
690,2022-02-26T11:35:00Z,634
691,2022-02-26T11:36:00Z,491
692,2022-02-26T11:37:00Z,447
693,2022-02-26T11:38:00Z,315
694,2022-02-26T11:39:00Z,313
695,2022-02-26T11:40:00Z,312
696,2022-02-26T11:41:00Z,313
697,2022-02-26T11:42:00Z,277
698,2022-02-26T11:43:00Z,277
699,2022-02-26T11:44:00Z,276
700,2022-02-26T11:45:00Z,275
701,2022-02-26T11:46:00Z,932
702,2022-02-26T11:47:00Z,862
703,2022-02-26T11:48:00Z,209
704,2022-02-26T11:49:00Z,208
705,2022-02-26T11:50:00Z,208
706,2022-02-26T11:51:00Z,208
707,2022-02-26T11:52:00Z,208
708,2022-02-26T11:53:00Z,205
709,2022-02-26T11:54:00Z,205
710,2022-02-26T11:55:00Z,207
711,2022-02-26T11:56:00Z,206
712,2022-02-26T11:57:00Z,209
713,2022-02-26T11:58:00Z,207
714,2022-02-26T11:59:00Z,221
715,2022-02-26T12:00:00Z,207
716,2022-02-26T12:01:00Z,206
717,2022-02-26T12:02:00Z,206
718,2022-02-26T12:03:00Z,205
719,2022-02-26T12:04:00Z,206
720,2022-02-26T12:05:00Z,206
721,2022-02-26T12:06:00Z,206
722,2022-02-26T12:07:00Z,205
723,2022-02-26T12:08:00Z,205
724,2022-02-26T12:09:00Z,205
725,2022-02-26T12:10:00Z,205
726,2022-02-26T12:11:00Z,204
727,2022-02-26T12:12:00Z,204
728,2022-02-26T12:13:00Z,204
729,2022-02-26T12:14:00Z,204
730,2022-02-26T12:15:00Z,1020
731,2022-02-26T12:16:00Z,275
732,2022-02-26T12:17:00Z,276
733,2022-02-26T12:18:00Z,937
734,2022-02-26T12:19:00Z,276
735,2022-02-26T12:20:00Z,275
736,2022-02-26T12:21:00Z,254
737,2022-02-26T12:22:00Z,252
738,2022-02-26T12:23:00Z,251
739,2022-02-26T12:24:00Z,250
740,2022-02-26T12:25:00Z,249
741,2022-02-26T12:26:00Z,249
742,2022-02-26T12:27:00Z,250
743,2022-02-26T12:28:00Z,988
744,2022-02-26T12:29:00Z,978
745,2022-02-26T12:30:00Z,950
746,2022-02-26T12:31:00Z,296
747,2022-02-26T12:32:00Z,324
748,2022-02-26T12:33:00Z,331
749,2022-02-26T12:34:00Z,358
750,2022-02-26T12:35:00Z,343
751,2022-02-26T12:36:00Z,342
752,2022-02-26T12:37:00Z,289
753,2022-02-26T12:38:00Z,320
754,2022-02-26T12:39:00Z,284
755,2022-02-26T12:40:00Z,951
756,2022-02-26T12:41:00Z,954
757,2022-02-26T12:42:00Z,328
758,2022-02-26T12:43:00Z,943
759,2022-02-26T12:44:00Z,945
760,2022-02-26T12:45:00Z,285
761,2022-02-26T12:46:00Z,261
762,2022-02-26T12:47:00Z,239
763,2022-02-26T12:48:00Z,220
764,2022-02-26T12:49:00Z,220
765,2022-02-26T12:50:00Z,569
766,2022-02-26T12:51:00Z,816
767,2022-02-26T12:52:00Z,856
768,2022-02-26T12:53:00Z,217
769,2022-02-26T12:54:00Z,216
770,2022-02-26T12:55:00Z,217
771,2022-02-26T12:56:00Z,216
772,2022-02-26T12:57:00Z,548
773,2022-02-26T12:58:00Z,1010
774,2022-02-26T12:59:00Z,818
775,2022-02-26T13:00:00Z,216
776,2022-02-26T13:01:00Z,214
777,2022-02-26T13:02:00Z,214
778,2022-02-26T13:03:00Z,237
779,2022-02-26T13:04:00Z,498
780,2022-02-26T13:05:00Z,396
781,2022-02-26T13:06:00Z,388
782,2022-02-26T13:07:00Z,214
783,2022-02-26T13:08:00Z,213
784,2022-02-26T13:09:00Z,214
785,2022-02-26T13:10:00Z,213
786,2022-02-26T13:11:00Z,213
787,2022-02-26T13:12:00Z,214
788,2022-02-26T13:13:00Z,214
789,2022-02-26T13:14:00Z,214
790,2022-02-26T13:15:00Z,1000
791,2022-02-26T13:16:00Z,285
792,2022-02-26T13:17:00Z,285
793,2022-02-26T13:18:00Z,278
794,2022-02-26T13:19:00Z,282
795,2022-02-26T13:20:00Z,284
796,2022-02-26T13:21:00Z,248
797,2022-02-26T13:22:00Z,244
798,2022-02-26T13:23:00Z,242
799,2022-02-26T13:24:00Z,242
800,2022-02-26T13:25:00Z,241
801,2022-02-26T13:26:00Z,241
802,2022-02-26T13:27:00Z,240
803,2022-02-26T13:28:00Z,240
804,2022-02-26T13:29:00Z,240
805,2022-02-26T13:30:00Z,240
806,2022-02-26T13:31:00Z,239
807,2022-02-26T13:32:00Z,238
808,2022-02-26T13:33:00Z,238
809,2022-02-26T13:34:00Z,238
810,2022-02-26T13:35:00Z,238
811,2022-02-26T13:36:00Z,237
812,2022-02-26T13:37:00Z,241
813,2022-02-26T13:38:00Z,239
814,2022-02-26T13:39:00Z,239
815,2022-02-26T13:40:00Z,238
816,2022-02-26T13:41:00Z,237
817,2022-02-26T13:42:00Z,238
818,2022-02-26T13:43:00Z,237
819,2022-02-26T13:44:00Z,173
820,2022-02-26T13:45:00Z,173
821,2022-02-26T13:46:00Z,172
822,2022-02-26T13:47:00Z,172
823,2022-02-26T13:48:00Z,172
824,2022-02-26T13:49:00Z,171
825,2022-02-26T13:50:00Z,171
826,2022-02-26T13:51:00Z,171
827,2022-02-26T13:52:00Z,171
828,2022-02-26T13:53:00Z,172
829,2022-02-26T13:54:00Z,171
830,2022-02-26T13:55:00Z,171
831,2022-02-26T13:56:00Z,171
832,2022-02-26T13:57:00Z,172
833,2022-02-26T13:58:00Z,171
834,2022-02-26T13:59:00Z,171
835,2022-02-26T14:00:00Z,170
836,2022-02-26T14:01:00Z,171
837,2022-02-26T14:02:00Z,174
838,2022-02-26T14:03:00Z,171
839,2022-02-26T14:04:00Z,171
840,2022-02-26T14:05:00Z,171
841,2022-02-26T14:06:00Z,170
842,2022-02-26T14:07:00Z,171
843,2022-02-26T14:08:00Z,170
844,2022-02-26T14:09:00Z,171
845,2022-02-26T14:10:00Z,171
846,2022-02-26T14:11:00Z,171
847,2022-02-26T14:12:00Z,170
848,2022-02-26T14:13:00Z,170
849,2022-02-26T14:14:00Z,976
850,2022-02-26T14:15:00Z,240
851,2022-02-26T14:16:00Z,240
852,2022-02-26T14:17:00Z,814
853,2022-02-26T14:18:00Z,272
854,2022-02-26T14:19:00Z,273
855,2022-02-26T14:20:00Z,292
856,2022-02-26T14:21:00Z,274
857,2022-02-26T14:22:00Z,274
858,2022-02-26T14:23:00Z,273
859,2022-02-26T14:24:00Z,273
860,2022-02-26T14:25:00Z,273
861,2022-02-26T14:26:00Z,273
862,2022-02-26T14:27:00Z,274
863,2022-02-26T14:28:00Z,273
864,2022-02-26T14:29:00Z,272
865,2022-02-26T14:30:00Z,271
866,2022-02-26T14:31:00Z,271
867,2022-02-26T14:32:00Z,271
868,2022-02-26T14:33:00Z,271
869,2022-02-26T14:34:00Z,270
870,2022-02-26T14:35:00Z,269
871,2022-02-26T14:36:00Z,269
872,2022-02-26T14:37:00Z,268
873,2022-02-26T14:38:00Z,267
874,2022-02-26T14:39:00Z,268
875,2022-02-26T14:40:00Z,266
876,2022-02-26T14:41:00Z,266
877,2022-02-26T14:42:00Z,201
878,2022-02-26T14:43:00Z,201
879,2022-02-26T14:44:00Z,201
880,2022-02-26T14:45:00Z,201
881,2022-02-26T14:46:00Z,201
882,2022-02-26T14:47:00Z,201
883,2022-02-26T14:48:00Z,200
884,2022-02-26T14:49:00Z,200
885,2022-02-26T14:50:00Z,200
886,2022-02-26T14:51:00Z,199
887,2022-02-26T14:52:00Z,203
888,2022-02-26T14:53:00Z,200
889,2022-02-26T14:54:00Z,251
890,2022-02-26T14:55:00Z,251
891,2022-02-26T14:56:00Z,251
892,2022-02-26T14:57:00Z,941
893,2022-02-26T14:58:00Z,268
894,2022-02-26T14:59:00Z,1317
895,2022-02-26T15:00:00Z,308
896,2022-02-26T15:01:00Z,2006
897,2022-02-26T15:02:00Z,326
898,2022-02-26T15:03:00Z,325
899,2022-02-26T15:04:00Z,325
900,2022-02-26T15:05:00Z,304
901,2022-02-26T15:06:00Z,303
902,2022-02-26T15:07:00Z,303
903,2022-02-26T15:08:00Z,302
904,2022-02-26T15:09:00Z,302
905,2022-02-26T15:10:00Z,302
906,2022-02-26T15:11:00Z,301
907,2022-02-26T15:12:00Z,301
908,2022-02-26T15:13:00Z,299
909,2022-02-26T15:14:00Z,298
910,2022-02-26T15:15:00Z,797
911,2022-02-26T15:16:00Z,369
912,2022-02-26T15:17:00Z,372
913,2022-02-26T15:18:00Z,267
914,2022-02-26T15:19:00Z,266
915,2022-02-26T15:20:00Z,279
916,2022-02-26T15:21:00Z,264
917,2022-02-26T15:22:00Z,263
918,2022-02-26T15:23:00Z,263
919,2022-02-26T15:24:00Z,262
920,2022-02-26T15:25:00Z,261
921,2022-02-26T15:26:00Z,259
922,2022-02-26T15:27:00Z,368
923,2022-02-26T15:28:00Z,361
924,2022-02-26T15:29:00Z,310
925,2022-02-26T15:30:00Z,294
926,2022-02-26T15:31:00Z,295
927,2022-02-26T15:32:00Z,294
928,2022-02-26T15:33:00Z,324
929,2022-02-26T15:34:00Z,314
930,2022-02-26T15:35:00Z,291
931,2022-02-26T15:36:00Z,290
932,2022-02-26T15:37:00Z,316
933,2022-02-26T15:38:00Z,290
934,2022-02-26T15:39:00Z,299
935,2022-02-26T15:40:00Z,295
936,2022-02-26T15:41:00Z,287
937,2022-02-26T15:42:00Z,261
938,2022-02-26T15:43:00Z,225
939,2022-02-26T15:44:00Z,233
940,2022-02-26T15:45:00Z,234
941,2022-02-26T15:46:00Z,240
942,2022-02-26T15:47:00Z,234
943,2022-02-26T15:48:00Z,244
944,2022-02-26T15:49:00Z,232
945,2022-02-26T15:50:00Z,260
946,2022-02-26T15:51:00Z,243
947,2022-02-26T15:52:00Z,240
948,2022-02-26T15:53:00Z,231
949,2022-02-26T15:54:00Z,237
950,2022-02-26T15:55:00Z,251
951,2022-02-26T15:56:00Z,231
952,2022-02-26T15:57:00Z,288
953,2022-02-26T15:58:00Z,250
954,2022-02-26T15:59:00Z,254
955,2022-02-26T16:00:00Z,221
956,2022-02-26T16:01:00Z,224
957,2022-02-26T16:02:00Z,219
958,2022-02-26T16:03:00Z,273
959,2022-02-26T16:04:00Z,245
960,2022-02-26T16:05:00Z,272
961,2022-02-26T16:06:00Z,232
962,2022-02-26T16:07:00Z,227
963,2022-02-26T16:08:00Z,177
964,2022-02-26T16:09:00Z,197
965,2022-02-26T16:10:00Z,192
966,2022-02-26T16:11:00Z,168
967,2022-02-26T16:12:00Z,203
968,2022-02-26T16:13:00Z,171
969,2022-02-26T16:14:00Z,173
970,2022-02-26T16:15:00Z,202
971,2022-02-26T16:16:00Z,883
972,2022-02-26T16:17:00Z,241
973,2022-02-26T16:18:00Z,240
974,2022-02-26T16:19:00Z,242
975,2022-02-26T16:20:00Z,261
976,2022-02-26T16:21:00Z,273
977,2022-02-26T16:22:00Z,240
978,2022-02-26T16:23:00Z,231
979,2022-02-26T16:24:00Z,250
980,2022-02-26T16:25:00Z,283
981,2022-02-26T16:26:00Z,311
982,2022-02-26T16:27:00Z,258
983,2022-02-26T16:28:00Z,236
984,2022-02-26T16:29:00Z,252
985,2022-02-26T16:30:00Z,237
986,2022-02-26T16:31:00Z,232
987,2022-02-26T16:32:00Z,261
988,2022-02-26T16:33:00Z,251
989,2022-02-26T16:34:00Z,254
990,2022-02-26T16:35:00Z,230
991,2022-02-26T16:36:00Z,232
992,2022-02-26T16:37:00Z,227
993,2022-02-26T16:38:00Z,230
994,2022-02-26T16:39:00Z,249
995,2022-02-26T16:40:00Z,209
996,2022-02-26T16:41:00Z,206
997,2022-02-26T16:42:00Z,175
998,2022-02-26T16:43:00Z,183
999,2022-02-26T16:44:00Z,151
1000,2022-02-26T16:45:00Z,154
1001,2022-02-26T16:46:00Z,152
1002,2022-02-26T16:47:00Z,170
1003,2022-02-26T16:48:00Z,161
1004,2022-02-26T16:49:00Z,172
1005,2022-02-26T16:50:00Z,150
1006,2022-02-26T16:51:00Z,151
1007,2022-02-26T16:52:00Z,152
1008,2022-02-26T16:53:00Z,142
1009,2022-02-26T16:54:00Z,142
1010,2022-02-26T16:55:00Z,938
1011,2022-02-26T16:56:00Z,790
1012,2022-02-26T16:57:00Z,802
1013,2022-02-26T16:58:00Z,167
1014,2022-02-26T16:59:00Z,211
1015,2022-02-26T17:00:00Z,206
1016,2022-02-26T17:01:00Z,182
1017,2022-02-26T17:02:00Z,179
1018,2022-02-26T17:03:00Z,179
1019,2022-02-26T17:04:00Z,207
1020,2022-02-26T17:05:00Z,174
1021,2022-02-26T17:06:00Z,215
1022,2022-02-26T17:07:00Z,176
1023,2022-02-26T17:08:00Z,176
1024,2022-02-26T17:09:00Z,207
1025,2022-02-26T17:10:00Z,190
1026,2022-02-26T17:11:00Z,172
1027,2022-02-26T17:12:00Z,209
1028,2022-02-26T17:13:00Z,199
1029,2022-02-26T17:14:00Z,166
1030,2022-02-26T17:15:00Z,210
1031,2022-02-26T17:16:00Z,235
1032,2022-02-26T17:17:00Z,560
1033,2022-02-26T17:18:00Z,832
1034,2022-02-26T17:19:00Z,1647
1035,2022-02-26T17:20:00Z,287
1036,2022-02-26T17:21:00Z,854
1037,2022-02-26T17:22:00Z,2986
1038,2022-02-26T17:23:00Z,3066
1039,2022-02-26T17:24:00Z,2397
1040,2022-02-26T17:25:00Z,3121
1041,2022-02-26T17:26:00Z,3715
1042,2022-02-26T17:27:00Z,3128
1043,2022-02-26T17:28:00Z,3130
1044,2022-02-26T17:29:00Z,3113
1045,2022-02-26T17:30:00Z,3165
1046,2022-02-26T17:31:00Z,3915
1047,2022-02-26T17:32:00Z,3266
1048,2022-02-26T17:33:00Z,3270
1049,2022-02-26T17:34:00Z,3119
1050,2022-02-26T17:35:00Z,3127
1051,2022-02-26T17:36:00Z,3099
1052,2022-02-26T17:37:00Z,3096
1053,2022-02-26T17:38:00Z,3103
1054,2022-02-26T17:39:00Z,3162
1055,2022-02-26T17:40:00Z,3143
1056,2022-02-26T17:41:00Z,3177
1057,2022-02-26T17:42:00Z,3149
1058,2022-02-26T17:43:00Z,3183
1059,2022-02-26T17:44:00Z,3112
1060,2022-02-26T17:45:00Z,3123
1061,2022-02-26T17:46:00Z,3098
1062,2022-02-26T17:47:00Z,3110
1063,2022-02-26T17:48:00Z,3127
1064,2022-02-26T17:49:00Z,3070
1065,2022-02-26T17:50:00Z,3121
1066,2022-02-26T17:51:00Z,3086
1067,2022-02-26T17:52:00Z,3126
1068,2022-02-26T17:53:00Z,3089
1069,2022-02-26T17:54:00Z,3107
1070,2022-02-26T17:55:00Z,3088
1071,2022-02-26T17:56:00Z,3116
1072,2022-02-26T17:57:00Z,3129
1073,2022-02-26T17:58:00Z,3131
1074,2022-02-26T17:59:00Z,3121
1075,2022-02-26T18:00:00Z,3106
1076,2022-02-26T18:01:00Z,3131
1077,2022-02-26T18:02:00Z,3129
1078,2022-02-26T18:03:00Z,3154
1079,2022-02-26T18:04:00Z,3155
1080,2022-02-26T18:05:00Z,3079
1081,2022-02-26T18:06:00Z,3083
1082,2022-02-26T18:07:00Z,3091
1083,2022-02-26T18:08:00Z,3052
1084,2022-02-26T18:09:00Z,3029
1085,2022-02-26T18:10:00Z,3075
1086,2022-02-26T18:11:00Z,3079
1087,2022-02-26T18:12:00Z,378
1088,2022-02-26T18:13:00Z,3094
1089,2022-02-26T18:14:00Z,3074
1090,2022-02-26T18:15:00Z,3075
1091,2022-02-26T18:16:00Z,3050
1092,2022-02-26T18:17:00Z,372
1093,2022-02-26T18:18:00Z,3067
1094,2022-02-26T18:19:00Z,3070
1095,2022-02-26T18:20:00Z,3087
1096,2022-02-26T18:21:00Z,3109
1097,2022-02-26T18:22:00Z,3075
1098,2022-02-26T18:23:00Z,3114
1099,2022-02-26T18:24:00Z,3108
1100,2022-02-26T18:25:00Z,3084
1101,2022-02-26T18:26:00Z,848
1102,2022-02-26T18:27:00Z,409
1103,2022-02-26T18:28:00Z,423
1104,2022-02-26T18:29:00Z,446
1105,2022-02-26T18:30:00Z,418
1106,2022-02-26T18:31:00Z,417
1107,2022-02-26T18:32:00Z,415
1108,2022-02-26T18:33:00Z,416
1109,2022-02-26T18:34:00Z,418
1110,2022-02-26T18:35:00Z,407
1111,2022-02-26T18:36:00Z,407
1112,2022-02-26T18:37:00Z,409
1113,2022-02-26T18:38:00Z,439
1114,2022-02-26T18:39:00Z,501
1115,2022-02-26T18:40:00Z,1123
1116,2022-02-26T18:41:00Z,455
1117,2022-02-26T18:42:00Z,404
1118,2022-02-26T18:43:00Z,405
1119,2022-02-26T18:44:00Z,406
1120,2022-02-26T18:45:00Z,408
1121,2022-02-26T18:46:00Z,396
1122,2022-02-26T18:47:00Z,396
1123,2022-02-26T18:48:00Z,395
1124,2022-02-26T18:49:00Z,408
1125,2022-02-26T18:50:00Z,435
1126,2022-02-26T18:51:00Z,338
1127,2022-02-26T18:52:00Z,341
1128,2022-02-26T18:53:00Z,354
1129,2022-02-26T18:54:00Z,332
1130,2022-02-26T18:55:00Z,332
1131,2022-02-26T18:56:00Z,328
1132,2022-02-26T18:57:00Z,334
1133,2022-02-26T18:58:00Z,316
1134,2022-02-26T18:59:00Z,391
1135,2022-02-26T19:00:00Z,498
1136,2022-02-26T19:01:00Z,527
1137,2022-02-26T19:02:00Z,501
1138,2022-02-26T19:03:00Z,554
1139,2022-02-26T19:04:00Z,652
1140,2022-02-26T19:05:00Z,635
1141,2022-02-26T19:06:00Z,581
1142,2022-02-26T19:07:00Z,534
1143,2022-02-26T19:08:00Z,557
1144,2022-02-26T19:09:00Z,536
1145,2022-02-26T19:10:00Z,592
1146,2022-02-26T19:11:00Z,581
1147,2022-02-26T19:12:00Z,1193
1148,2022-02-26T19:13:00Z,1144
1149,2022-02-26T19:14:00Z,580
1150,2022-02-26T19:15:00Z,584
1151,2022-02-26T19:16:00Z,615
1152,2022-02-26T19:17:00Z,577
1153,2022-02-26T19:18:00Z,545
1154,2022-02-26T19:19:00Z,545
1155,2022-02-26T19:20:00Z,557
1156,2022-02-26T19:21:00Z,630
1157,2022-02-26T19:22:00Z,642
1158,2022-02-26T19:23:00Z,1373
1159,2022-02-26T19:24:00Z,633
1160,2022-02-26T19:25:00Z,611
1161,2022-02-26T19:26:00Z,603
1162,2022-02-26T19:27:00Z,591
1163,2022-02-26T19:28:00Z,593
1164,2022-02-26T19:29:00Z,578
1165,2022-02-26T19:30:00Z,597
1166,2022-02-26T19:31:00Z,550
1167,2022-02-26T19:32:00Z,525
1168,2022-02-26T19:33:00Z,510
1169,2022-02-26T19:34:00Z,550
1170,2022-02-26T19:35:00Z,559
1171,2022-02-26T19:36:00Z,545
1172,2022-02-26T19:37:00Z,522
1173,2022-02-26T19:38:00Z,522
1174,2022-02-26T19:39:00Z,517
1175,2022-02-26T19:40:00Z,529
1176,2022-02-26T19:41:00Z,534
1177,2022-02-26T19:42:00Z,505
1178,2022-02-26T19:43:00Z,509
1179,2022-02-26T19:44:00Z,1547
1180,2022-02-26T19:45:00Z,589
1181,2022-02-26T19:46:00Z,585
1182,2022-02-26T19:47:00Z,558
1183,2022-02-26T19:48:00Z,575
1184,2022-02-26T19:49:00Z,565
1185,2022-02-26T19:50:00Z,564
1186,2022-02-26T19:51:00Z,589
1187,2022-02-26T19:52:00Z,577
1188,2022-02-26T19:53:00Z,578
1189,2022-02-26T19:54:00Z,559
1190,2022-02-26T19:55:00Z,579
1191,2022-02-26T19:56:00Z,557
1192,2022-02-26T19:57:00Z,555
1193,2022-02-26T19:58:00Z,551
1194,2022-02-26T19:59:00Z,566
1195,2022-02-26T20:00:00Z,546
1196,2022-02-26T20:01:00Z,586
1197,2022-02-26T20:02:00Z,557
1198,2022-02-26T20:03:00Z,553
1199,2022-02-26T20:04:00Z,515
1200,2022-02-26T20:05:00Z,498
1201,2022-02-26T20:06:00Z,492
1202,2022-02-26T20:07:00Z,479
1203,2022-02-26T20:08:00Z,536
1204,2022-02-26T20:09:00Z,555
1205,2022-02-26T20:10:00Z,1315
1206,2022-02-26T20:11:00Z,1131
1207,2022-02-26T20:12:00Z,484
1208,2022-02-26T20:13:00Z,470
1209,2022-02-26T20:14:00Z,476
1210,2022-02-26T20:15:00Z,476
1211,2022-02-26T20:16:00Z,519
1212,2022-02-26T20:17:00Z,559
1213,2022-02-26T20:18:00Z,491
1214,2022-02-26T20:19:00Z,495
1215,2022-02-26T20:20:00Z,532
1216,2022-02-26T20:21:00Z,543
1217,2022-02-26T20:22:00Z,515
1218,2022-02-26T20:23:00Z,1212
1219,2022-02-26T20:24:00Z,1122
1220,2022-02-26T20:25:00Z,612
1221,2022-02-26T20:26:00Z,606
1222,2022-02-26T20:27:00Z,529
1223,2022-02-26T20:28:00Z,521
1224,2022-02-26T20:29:00Z,530
1225,2022-02-26T20:30:00Z,519
1226,2022-02-26T20:31:00Z,533
1227,2022-02-26T20:32:00Z,1061
1228,2022-02-26T20:33:00Z,490
1229,2022-02-26T20:34:00Z,487
1230,2022-02-26T20:35:00Z,490
1231,2022-02-26T20:36:00Z,480
1232,2022-02-26T20:37:00Z,479
1233,2022-02-26T20:38:00Z,478
1234,2022-02-26T20:39:00Z,477
1235,2022-02-26T20:40:00Z,477
1236,2022-02-26T20:41:00Z,517
1237,2022-02-26T20:42:00Z,486
1238,2022-02-26T20:43:00Z,485
1239,2022-02-26T20:44:00Z,475
1240,2022-02-26T20:45:00Z,475
1241,2022-02-26T20:46:00Z,466
1242,2022-02-26T20:47:00Z,465
1243,2022-02-26T20:48:00Z,463
1244,2022-02-26T20:49:00Z,462
1245,2022-02-26T20:50:00Z,500
1246,2022-02-26T20:51:00Z,473
1247,2022-02-26T20:52:00Z,471
1248,2022-02-26T20:53:00Z,470
1249,2022-02-26T20:54:00Z,417
1250,2022-02-26T20:55:00Z,415
1251,2022-02-26T20:56:00Z,407
1252,2022-02-26T20:57:00Z,406
1253,2022-02-26T20:58:00Z,341
1254,2022-02-26T20:59:00Z,342
1255,2022-02-26T21:00:00Z,372
1256,2022-02-26T21:01:00Z,395
1257,2022-02-26T21:02:00Z,399
1258,2022-02-26T21:03:00Z,350
1259,2022-02-26T21:04:00Z,352
1260,2022-02-26T21:05:00Z,354
1261,2022-02-26T21:06:00Z,345
1262,2022-02-26T21:07:00Z,344
1263,2022-02-26T21:08:00Z,344
1264,2022-02-26T21:09:00Z,345
1265,2022-02-26T21:10:00Z,354
1266,2022-02-26T21:11:00Z,381
1267,2022-02-26T21:12:00Z,350
1268,2022-02-26T21:13:00Z,349
1269,2022-02-26T21:14:00Z,312
1270,2022-02-26T21:15:00Z,351
1271,2022-02-26T21:16:00Z,343
1272,2022-02-26T21:17:00Z,342
1273,2022-02-26T21:18:00Z,1124
1274,2022-02-26T21:19:00Z,401
1275,2022-02-26T21:20:00Z,404
1276,2022-02-26T21:21:00Z,444
1277,2022-02-26T21:22:00Z,418
1278,2022-02-26T21:23:00Z,417
1279,2022-02-26T21:24:00Z,417
1280,2022-02-26T21:25:00Z,409
1281,2022-02-26T21:26:00Z,402
1282,2022-02-26T21:27:00Z,403
1283,2022-02-26T21:28:00Z,403
1284,2022-02-26T21:29:00Z,426
1285,2022-02-26T21:30:00Z,439
1286,2022-02-26T21:31:00Z,449
1287,2022-02-26T21:32:00Z,419
1288,2022-02-26T21:33:00Z,386
1289,2022-02-26T21:34:00Z,401
1290,2022-02-26T21:35:00Z,1048
1291,2022-02-26T21:36:00Z,1044
1292,2022-02-26T21:37:00Z,434
1293,2022-02-26T21:38:00Z,435
1294,2022-02-26T21:39:00Z,424
1295,2022-02-26T21:40:00Z,404
1296,2022-02-26T21:41:00Z,427
1297,2022-02-26T21:42:00Z,396
1298,2022-02-26T21:43:00Z,397
1299,2022-02-26T21:44:00Z,396
1300,2022-02-26T21:45:00Z,395
1301,2022-02-26T21:46:00Z,387
1302,2022-02-26T21:47:00Z,387
1303,2022-02-26T21:48:00Z,386
1304,2022-02-26T21:49:00Z,322
1305,2022-02-26T21:50:00Z,323
1306,2022-02-26T21:51:00Z,287
1307,2022-02-26T21:52:00Z,310
1308,2022-02-26T21:53:00Z,311
1309,2022-02-26T21:54:00Z,311
1310,2022-02-26T21:55:00Z,1103
1311,2022-02-26T21:56:00Z,360
1312,2022-02-26T21:57:00Z,267
1313,2022-02-26T21:58:00Z,268
1314,2022-02-26T21:59:00Z,268
1315,2022-02-26T22:00:00Z,268
1316,2022-02-26T22:01:00Z,235
1317,2022-02-26T22:02:00Z,234
1318,2022-02-26T22:03:00Z,233
1319,2022-02-26T22:04:00Z,235
1320,2022-02-26T22:05:00Z,233
1321,2022-02-26T22:06:00Z,234
1322,2022-02-26T22:07:00Z,235
1323,2022-02-26T22:08:00Z,234
1324,2022-02-26T22:09:00Z,228
1325,2022-02-26T22:10:00Z,229
1326,2022-02-26T22:11:00Z,228
1327,2022-02-26T22:12:00Z,228
1328,2022-02-26T22:13:00Z,256
1329,2022-02-26T22:14:00Z,651
1330,2022-02-26T22:15:00Z,315
1331,2022-02-26T22:16:00Z,350
1332,2022-02-26T22:17:00Z,790
1333,2022-02-26T22:18:00Z,1084
1334,2022-02-26T22:19:00Z,238
1335,2022-02-26T22:20:00Z,238
1336,2022-02-26T22:21:00Z,234
1337,2022-02-26T22:22:00Z,295
1338,2022-02-26T22:23:00Z,295
1339,2022-02-26T22:24:00Z,292
1340,2022-02-26T22:25:00Z,292
1341,2022-02-26T22:26:00Z,292
1342,2022-02-26T22:27:00Z,307
1343,2022-02-26T22:28:00Z,993
1344,2022-02-26T22:29:00Z,350
1345,2022-02-26T22:30:00Z,555
1346,2022-02-26T22:31:00Z,2493
1347,2022-02-26T22:32:00Z,2456
1348,2022-02-26T22:33:00Z,2455
1349,2022-02-26T22:34:00Z,2453
1350,2022-02-26T22:35:00Z,2451
1351,2022-02-26T22:36:00Z,2446
1352,2022-02-26T22:37:00Z,2444
1353,2022-02-26T22:38:00Z,2442
1354,2022-02-26T22:39:00Z,2441
1355,2022-02-26T22:40:00Z,2450
1356,2022-02-26T22:41:00Z,2444
1357,2022-02-26T22:42:00Z,2448
1358,2022-02-26T22:43:00Z,2440
1359,2022-02-26T22:44:00Z,157
1360,2022-02-26T22:45:00Z,158
1361,2022-02-26T22:46:00Z,157
1362,2022-02-26T22:47:00Z,157
1363,2022-02-26T22:48:00Z,156
1364,2022-02-26T22:49:00Z,157
1365,2022-02-26T22:50:00Z,157
1366,2022-02-26T22:51:00Z,157
1367,2022-02-26T22:52:00Z,158
1368,2022-02-26T22:53:00Z,157
1369,2022-02-26T22:54:00Z,157
1370,2022-02-26T22:55:00Z,157
1371,2022-02-26T22:56:00Z,157
1372,2022-02-26T22:57:00Z,158
1373,2022-02-26T22:58:00Z,157
1374,2022-02-26T22:59:00Z,159
1375,2022-02-26T23:00:00Z,158
1376,2022-02-26T23:01:00Z,158
1377,2022-02-26T23:02:00Z,158
1378,2022-02-26T23:03:00Z,159
1379,2022-02-26T23:04:00Z,233
1380,2022-02-26T23:05:00Z,638
1381,2022-02-26T23:06:00Z,159
1382,2022-02-26T23:07:00Z,157
1383,2022-02-26T23:08:00Z,158
1384,2022-02-26T23:09:00Z,157
1385,2022-02-26T23:10:00Z,157
1386,2022-02-26T23:11:00Z,705
1387,2022-02-26T23:12:00Z,262
1388,2022-02-26T23:13:00Z,729
1389,2022-02-26T23:14:00Z,2497
1390,2022-02-26T23:15:00Z,2478
1391,2022-02-26T23:16:00Z,2458
1392,2022-02-26T23:17:00Z,2467
1393,2022-02-26T23:18:00Z,2467
1394,2022-02-26T23:19:00Z,2453
1395,2022-02-26T23:20:00Z,2459
1396,2022-02-26T23:21:00Z,2457
1397,2022-02-26T23:22:00Z,2461
1398,2022-02-26T23:23:00Z,2459
1399,2022-02-26T23:24:00Z,2461
1400,2022-02-26T23:25:00Z,2452
1401,2022-02-26T23:26:00Z,254
1402,2022-02-26T23:27:00Z,187
1403,2022-02-26T23:28:00Z,159
1404,2022-02-26T23:29:00Z,177
1405,2022-02-26T23:30:00Z,150
1406,2022-02-26T23:31:00Z,173
1407,2022-02-26T23:32:00Z,173
1408,2022-02-26T23:33:00Z,172
1409,2022-02-26T23:34:00Z,172
1410,2022-02-26T23:35:00Z,172
1411,2022-02-26T23:36:00Z,208
1412,2022-02-26T23:37:00Z,195
1413,2022-02-26T23:38:00Z,171
1414,2022-02-26T23:39:00Z,724
1415,2022-02-26T23:40:00Z,151
1416,2022-02-26T23:41:00Z,138
1417,2022-02-26T23:42:00Z,140
1418,2022-02-26T23:43:00Z,142
1419,2022-02-26T23:44:00Z,143
1420,2022-02-26T23:45:00Z,143
1421,2022-02-26T23:46:00Z,142
1422,2022-02-26T23:47:00Z,142
1423,2022-02-26T23:48:00Z,141
1424,2022-02-26T23:49:00Z,140
1425,2022-02-26T23:50:00Z,141
1426,2022-02-26T23:51:00Z,140
1427,2022-02-26T23:52:00Z,140
1428,2022-02-26T23:53:00Z,140
1429,2022-02-26T23:54:00Z,140
1430,2022-02-26T23:55:00Z,139
1431,2022-02-26T23:56:00Z,139
1432,2022-02-26T23:57:00Z,143
1433,2022-02-26T23:58:00Z,117
1434,2022-02-26T23:59:00Z,117
1435,2022-02-27T00:00:00Z,117
